Timestamp,Month,Day,Hour,Total Hours,Load,PV,Tou Tariff,FiT,H2 Tariff
01/01/2023,1,0,0,0,882,0,0.1129941,0.05649705,0.354217646
01/01/2023,1,0,1,1,826,0,0.1030608,0.0515304,0.197036041
01/01/2023,1,0,2,2,905,0,0.0969615,0.04848075,0.21087615
01/01/2023,1,0,3,3,1026,0,0.0874638,0.0437319,0.253186213
01/01/2023,1,0,4,4,943,0,0.0782775,0.03913875,0.254121951
01/01/2023,1,0,5,5,980,0,0.0763083,0.03815415,0.360036004
01/01/2023,1,0,6,6,992,0,0.0735336,0.0367668,0.360036004
01/01/2023,1,0,7,7,1026,0,0.062757,0.0313785,0.360036004
01/01/2023,1,0,8,8,1351,0,0.0766017,0.03830085,0.157080565
01/01/2023,1,0,9,9,1371,0,0.0887607,0.04438035,0.278434722
01/01/2023,1,0,10,10,1249,0,0.1004283,0.05021415,0.340032528
01/01/2023,1,0,11,11,1323,87.9421,0.1101159,0.05505795,0.164455122
01/01/2023,1,0,12,12,1287,0,0.1136574,0.0568287,0.30841642
01/01/2023,1,0,13,13,1357,0,0.1156932,0.0578466,0.18652032
01/01/2023,1,0,14,14,1335,0,0.1137429,0.05687145,0.216633317
01/01/2023,1,0,15,15,1055,0,0.1143108,0.0571554,0.137041779
01/01/2023,1,0,16,16,1062,0,0.1155132,0.0577566,0.255211737
01/01/2023,1,0,17,17,995,0,0.1156842,0.0578421,0.216651571
01/01/2023,1,0,18,18,1023,0,0.1153143,0.05765715,0.336818704
01/01/2023,1,0,19,19,855,0,0.1145952,0.0572976,0.26957902
01/01/2023,1,0,20,20,891,0,0.1140174,0.0570087,0.349467582
01/01/2023,1,0,21,21,899,0,0.1132596,0.0566298,0.360036004
01/01/2023,1,0,22,22,914,0,0.1100781,0.05503905,0.205767378
02/01/2023,1,0,23,23,920,0,0.1093293,0.05466465,0.270278509
02/01/2023,1,1,0,24,910,0,0.1136007,0.05680035,0.264057125
02/01/2023,1,1,1,25,851,0,0.1128717,0.05643585,0.120250211
02/01/2023,1,1,2,26,830,0,0.111915,0.0559575,0.360036004
02/01/2023,1,1,3,27,911,0,0.1118484,0.0559242,0.350800635
02/01/2023,1,1,4,28,860,0,0.1136286,0.0568143,0.169068008
02/01/2023,1,1,5,29,929,0,0.1114983,0.05574915,0.160368019
02/01/2023,1,1,6,30,864,0,0.1152765,0.05763825,0.122944458
02/01/2023,1,1,7,31,913,0,0.1308636,0.0654318,0.360036004
02/01/2023,1,1,8,32,928,0,0.1382409,0.06912045,0.27565893
02/01/2023,1,1,9,33,854,0,0.1410534,0.0705267,0.360036004
02/01/2023,1,1,10,34,813,0,0.1420101,0.07100505,0.209257109
02/01/2023,1,1,11,35,831,0,0.1398033,0.06990165,0.152936898
02/01/2023,1,1,12,36,896,0,0.1408077,0.07040385,0.341282302
02/01/2023,1,1,13,37,1130,6.1604,0.140211,0.0701055,0.264021308
02/01/2023,1,1,14,38,1051,0,0.1443582,0.0721791,0.143794202
02/01/2023,1,1,15,39,1143,0,0.147105,0.0735525,0.286311904
02/01/2023,1,1,16,40,1080,0,0.1542546,0.0771273,0.302550506
02/01/2023,1,1,17,41,1299.9375,0,0.1609875,0.08049375,0.201112911
02/01/2023,1,1,18,42,1325.9375,0,0.1654767,0.08273835,0.25829706
02/01/2023,1,1,19,43,1289.9375,0,0.1557414,0.0778707,0.305618488
02/01/2023,1,1,20,44,1287.9375,0,0.1448892,0.0724446,0.175945542
02/01/2023,1,1,21,45,1299.9375,0,0.134415,0.0672075,0.260557663
02/01/2023,1,1,22,46,1321.9375,0,0.130419,0.0652095,0.299447177
03/01/2023,1,1,23,47,1112,0,0.1228239,0.06141195,0.122477302
03/01/2023,1,2,0,48,1212,0,0.1267605,0.06338025,0.151171144
03/01/2023,1,2,1,49,1271,0,0.1172376,0.0586188,0.35029976
03/01/2023,1,2,2,50,1382,0,0.1159038,0.0579519,0.360036004
03/01/2023,1,2,3,51,1364,0,0.1123479,0.05617395,0.265504964
03/01/2023,1,2,4,52,1406,0,0.111015,0.0555075,0.294826535
03/01/2023,1,2,5,53,1381,0,0.1194876,0.0597438,0.291382328
03/01/2023,1,2,6,54,1391,0,0.1286802,0.0643401,0.178484478
03/01/2023,1,2,7,55,1303,0,0.1465443,0.07327215,0.299865007
03/01/2023,1,2,8,56,1358,0,0.1550178,0.0775089,0.196707896
03/01/2023,1,2,9,57,1381,0,0.1579968,0.0789984,0.306467588
03/01/2023,1,2,10,58,1389,0,0.1594152,0.0797076,0.316239658
03/01/2023,1,2,11,59,1330,0,0.1602846,0.0801423,0.17581555
03/01/2023,1,2,12,60,1484.85,27.2242,0.1555659,0.07778295,0.20380449
03/01/2023,1,2,13,61,1536.85,0,0.1521711,0.07608555,0.360036004
03/01/2023,1,2,14,62,1690.85,0,0.1542042,0.0771021,0.319538822
03/01/2023,1,2,15,63,1789.85,0,0.1586205,0.07931025,0.358503009
03/01/2023,1,2,16,64,1385,0,0.1575612,0.0787806,0.113504873
03/01/2023,1,2,17,65,1427,0,0.1614483,0.08072415,0.196673181
03/01/2023,1,2,18,66,1310,0,0.1597554,0.0798777,0.26356415
03/01/2023,1,2,19,67,1500,0,0.1522467,0.07612335,0.199171095
03/01/2023,1,2,20,68,1591,0,0.1414944,0.0707472,0.212302556
03/01/2023,1,2,21,69,1629,0,0.1253043,0.06265215,0.248594423
03/01/2023,1,2,22,70,1548,0,0.1140885,0.05704425,0.181340854
04/01/2023,1,2,23,71,1581,0,0.0949185,0.04745925,0.149002786
04/01/2023,1,3,0,72,1698,0,0.0875529,0.04377645,0.111069931
04/01/2023,1,3,1,73,1668,0,0.0803358,0.0401679,0.283287155
04/01/2023,1,3,2,74,1688,0,0.0661473,0.03307365,0.171162147
04/01/2023,1,3,3,75,1665,0,0.0655137,0.03275685,0.297646732
04/01/2023,1,3,4,76,1662,0,0.067869,0.0339345,0.114309146
04/01/2023,1,3,5,77,1743,0,0.0773091,0.03865455,0.109027176
04/01/2023,1,3,6,78,1776,0,0.08271,0.041355,0.357917299
04/01/2023,1,3,7,79,1672,0,0.0993762,0.0496881,0.144089371
04/01/2023,1,3,8,80,1417,0,0.1087407,0.05437035,0.214823264
04/01/2023,1,3,9,81,1437,0,0.1186632,0.0593316,0.360036004
04/01/2023,1,3,10,82,1549,80.895,0.1201203,0.06006015,0.360036004
04/01/2023,1,3,11,83,1759,1854.87,0.1195146,0.0597573,0.301433677
04/01/2023,1,3,12,84,1754,133.013,0.1170837,0.05854185,0.318068255
04/01/2023,1,3,13,85,1768,117.023,0.1152207,0.05761035,0.238361534
04/01/2023,1,3,14,86,1799,112.945,0.1138869,0.05694345,0.189876598
04/01/2023,1,3,15,87,1724,0,0.1171881,0.05859405,0.360036004
04/01/2023,1,3,16,88,1786,0,0.120177,0.0600885,0.255351032
04/01/2023,1,3,17,89,1757,0,0.1202625,0.06013125,0.315258598
04/01/2023,1,3,18,90,1692,0,0.1193634,0.0596817,0.240357756
04/01/2023,1,3,19,91,1805,0,0.117027,0.0585135,0.182512538
04/01/2023,1,3,20,92,1762,0,0.1136124,0.0568062,0.156557753
04/01/2023,1,3,21,93,1758,0,0.1152396,0.0576198,0.298428366
04/01/2023,1,3,22,94,1714,0,0.1093842,0.0546921,0.360036004
05/01/2023,1,3,23,95,1772,0,0.1040022,0.0520011,0.360036004
05/01/2023,1,4,0,96,1729,0,0.0976914,0.0488457,0.164174874
05/01/2023,1,4,1,97,1784,0,0.0935046,0.0467523,0.237965673
05/01/2023,1,4,2,98,1811,0,0.0928296,0.0464148,0.18210096
05/01/2023,1,4,3,99,1394,0,0.0869265,0.04346325,0.206329409
05/01/2023,1,4,4,100,1477,0,0.0963702,0.0481851,0.166862655
05/01/2023,1,4,5,101,1448,0,0.0976914,0.0488457,0.313079884
05/01/2023,1,4,6,102,1402,0,0.1061217,0.05306085,0.22077842
05/01/2023,1,4,7,103,1806,0,0.1159794,0.0579897,0.152631091
05/01/2023,1,4,8,104,2009.36,0,0.1178028,0.0589014,0.348496787
05/01/2023,1,4,9,105,1946.36,0,0.1249695,0.06248475,0.218698342
05/01/2023,1,4,10,106,1985.36,406.523,0.1313163,0.06565815,0.324055451
05/01/2023,1,4,11,107,2048.36,1766.98,0.1380006,0.0690003,0.326764524
05/01/2023,1,4,12,108,1955.36,3666,0.1359171,0.06795855,0.321976959
05/01/2023,1,4,13,109,1785,3983.26,0.1377783,0.06888915,0.360036004
05/01/2023,1,4,14,110,1556,376.293,0.1441062,0.0720531,0.222906236
05/01/2023,1,4,15,111,1386.845,0,0.1497006,0.0748503,0.108502633
05/01/2023,1,4,16,112,1934.845,0,0.1614492,0.0807246,0.360036004
05/01/2023,1,4,17,113,1915.845,0,0.1823607,0.09118035,0.208937808
05/01/2023,1,4,18,114,1867,0,0.1821195,0.09105975,0.353051344
05/01/2023,1,4,19,115,1777,0,0.1661751,0.08308755,0.360036004
05/01/2023,1,4,20,116,1855,0,0.1531152,0.0765576,0.360036004
05/01/2023,1,4,21,117,1937.875,0,0.1433538,0.0716769,0.235752779
05/01/2023,1,4,22,118,1936.875,0,0.1361682,0.0680841,0.202004875
06/01/2023,1,4,23,119,1949.875,0,0.1224999,0.06124995,0.360036004
06/01/2023,1,5,0,120,1988.875,0,0.1062315,0.05311575,0.196407359
06/01/2023,1,5,1,121,1958.875,0,0.1004976,0.0502488,0.314349034
06/01/2023,1,5,2,122,1998.875,0,0.0959877,0.04799385,0.360036004
06/01/2023,1,5,3,123,1944.875,0,0.0818802,0.0409401,0.22436333
06/01/2023,1,5,4,124,1933.875,0,0.0814851,0.04074255,0.178760966
06/01/2023,1,5,5,125,1953.875,0,0.0835569,0.04177845,0.285501426
06/01/2023,1,5,6,126,1923.875,0,0.0967104,0.0483552,0.131954271
06/01/2023,1,5,7,127,1712.875,0,0.1068966,0.0534483,0.293779073
06/01/2023,1,5,8,128,1750.875,0,0.1163115,0.05815575,0.138341917
06/01/2023,1,5,9,129,1413.795,0,0.115704,0.057852,0.289791797
06/01/2023,1,5,10,130,1473.795,0,0.1127268,0.0563634,0.139261555
06/01/2023,1,5,11,131,1522.795,716.228,0.1127358,0.0563679,0.192448651
06/01/2023,1,5,12,132,1470.795,12524.9,0.1141236,0.0570618,0.309854626
06/01/2023,1,5,13,133,1524.795,7006.88,0.1122057,0.05610285,0.360036004
06/01/2023,1,5,14,134,1481.795,1012.46,0.116253,0.0581265,0.235780742
06/01/2023,1,5,15,135,1498.795,0,0.1241649,0.06208245,0.300425004
06/01/2023,1,5,16,136,1487.795,0,0.130689,0.0653445,0.28648366
06/01/2023,1,5,17,137,1448.795,0,0.1452393,0.07261965,0.225722473
06/01/2023,1,5,18,138,1494.795,0,0.1404306,0.0702153,0.302388754
06/01/2023,1,5,19,139,1341,0,0.1367496,0.0683748,0.342801472
06/01/2023,1,5,20,140,1469,0,0.130149,0.0650745,0.147371222
06/01/2023,1,5,21,141,1470,0,0.1233171,0.06165855,0.182497702
06/01/2023,1,5,22,142,1430,0,0.1214955,0.06074775,0.144078006
07/01/2023,1,5,23,143,1440,0,0.1168893,0.05844465,0.237735016
07/01/2023,1,6,0,144,1506,0,0.1102806,0.0551403,0.308423038
07/01/2023,1,6,1,145,1461,0,0.0988578,0.0494289,0.360036004
07/01/2023,1,6,2,146,1475,0,0.0960804,0.0480402,0.212805249
07/01/2023,1,6,3,147,1537,0,0.0879993,0.04399965,0.21668641
07/01/2023,1,6,4,148,1499,0,0.0831906,0.0415953,0.304263048
07/01/2023,1,6,5,149,1710,0,0.0837837,0.04189185,0.268110117
07/01/2023,1,6,6,150,1709,0,0.090981,0.0454905,0.158052585
07/01/2023,1,6,7,151,1728,0,0.1027143,0.05135715,0.151884433
07/01/2023,1,6,8,152,1791,0,0.1086489,0.05432445,0.346406033
07/01/2023,1,6,9,153,1733,0,0.1087848,0.0543924,0.184746294
07/01/2023,1,6,10,154,1724,131.001,0.1037142,0.0518571,0.292882934
07/01/2023,1,6,11,155,1614,6465.73,0.0982944,0.0491472,0.360036004
07/01/2023,1,6,12,156,1408,12549.3,0.0985761,0.04928805,0.233371481
07/01/2023,1,6,13,157,1363,11129.2,0.097119,0.0485595,0.279599886
07/01/2023,1,6,14,158,1355,0,0.0970515,0.04852575,0.360036004
07/01/2023,1,6,15,159,1417,0,0.0965466,0.0482733,0.2426382
07/01/2023,1,6,16,160,1371,0,0.097119,0.0485595,0.235947024
07/01/2023,1,6,17,161,1595,0,0.0986445,0.04932225,0.35164648
07/01/2023,1,6,18,162,1817,0,0.0997614,0.0498807,0.360036004
07/01/2023,1,6,19,163,1814,0,0.0948078,0.0474039,0.324552257
07/01/2023,1,6,20,164,1808,0,0.0880668,0.0440334,0.152351469
07/01/2023,1,6,21,165,1865,0,0.0724482,0.0362241,0.156962318
07/01/2023,1,6,22,166,1828,0,0.0630954,0.0315477,0.331840372
08/01/2023,1,6,23,167,1814,0,0.0383364,0.0191682,0.196743789
08/01/2023,1,0,0,168,1757,0,0.0234297,0.01171485,0.298581459
08/01/2023,1,0,1,169,1500,0,0.039564,0.019782,0.360036004
08/01/2023,1,0,2,170,1572,0,0.0212634,0.0106317,0.258737759
08/01/2023,1,0,3,171,1958,0,0.0205632,0.0102816,0.307067879
08/01/2023,1,0,4,172,1854.835,0,0.0106128,0.0053064,0.305637692
08/01/2023,1,0,5,173,1914.835,0,0.017937,0.0089685,0.279002915
08/01/2023,1,0,6,174,1874.835,0,0.0222885,0.01114425,0.360036004
08/01/2023,1,0,7,175,1921.835,0,0.023085,0.0115425,0.203581711
08/01/2023,1,0,8,176,1880.835,0,0.0490644,0.0245322,0.204521964
08/01/2023,1,0,9,177,1933.835,0,0.0817551,0.04087755,0.297970551
08/01/2023,1,0,10,178,1736,3295.92,0.0927027,0.04635135,0.173980711
08/01/2023,1,0,11,179,1713,8618.62,0.1019439,0.05097195,0.350155618
08/01/2023,1,0,12,180,1469,8889.87,0.100602,0.050301,0.231324295
08/01/2023,1,0,13,181,1473,10901.4,0.0979461,0.04897305,0.200234407
08/01/2023,1,0,14,182,1417,1531.73,0.1030851,0.05154255,0.257977737
08/01/2023,1,0,15,183,1466,0,0.1025289,0.05126445,0.152562628
08/01/2023,1,0,16,184,1423,0,0.1073889,0.05369445,0.13067813
08/01/2023,1,0,17,185,3673,0,0.1131606,0.0565803,0.360036004
08/01/2023,1,0,18,186,3278,0,0.1141956,0.0570978,0.14315117
08/01/2023,1,0,19,187,3279,0,0.1079451,0.05397255,0.226961382
08/01/2023,1,0,20,188,2991,0,0.1028259,0.05141295,0.272097255
08/01/2023,1,0,21,189,4248,0,0.0973809,0.04869045,0.201440682
08/01/2023,1,0,22,190,4253,0,0.0981099,0.04905495,0.306562751
09/01/2023,1,0,23,191,4259,0,0.0805563,0.04027815,0.174791579
09/01/2023,1,1,0,192,4225,0,0.0744021,0.03720105,0.354096533
09/01/2023,1,1,1,193,4219,0,0.0689373,0.03446865,0.342898539
09/01/2023,1,1,2,194,4219,0,0.0596961,0.02984805,0.360036004
09/01/2023,1,1,3,195,4383,0,0.047061,0.0235305,0.176600672
09/01/2023,1,1,4,196,4354,0,0.0709407,0.03547035,0.163574451
09/01/2023,1,1,5,197,4350,0,0.0895104,0.0447552,0.360036004
09/01/2023,1,1,6,198,4683,0,0.1057887,0.05289435,0.141852412
09/01/2023,1,1,7,199,3803,0,0.1230543,0.06152715,0.190832268
09/01/2023,1,1,8,200,4712,0,0.1412298,0.0706149,0.146966101
09/01/2023,1,1,9,201,4690,0,0.1544022,0.0772011,0.262976729
09/01/2023,1,1,10,202,4710,58.2154,0.1477683,0.07388415,0.272990468
09/01/2023,1,1,11,203,4035,2491.3,0.1488897,0.07444485,0.215960456
09/01/2023,1,1,12,204,3540,47.2326,0.1308474,0.0654237,0.148938249
09/01/2023,1,1,13,205,1343,4865.89,0.1284228,0.0642114,0.360036004
09/01/2023,1,1,14,206,1205,464.326,0.1333692,0.0666846,0.221577606
09/01/2023,1,1,15,207,855,0,0.1403388,0.0701694,0.215832133
09/01/2023,1,1,16,208,999,0,0.1503657,0.07518285,0.360036004
09/01/2023,1,1,17,209,1024,0,0.1578726,0.0789363,0.352916091
09/01/2023,1,1,18,210,1080,0,0.1565883,0.07829415,0.27481048
09/01/2023,1,1,19,211,1324,0,0.1511811,0.07559055,0.356431635
09/01/2023,1,1,20,212,1326,0,0.1390734,0.0695367,0.360036004
09/01/2023,1,1,21,213,1318,0,0.1290645,0.06453225,0.238853478
09/01/2023,1,1,22,214,1321,0,0.122814,0.061407,0.360036004
10/01/2023,1,1,23,215,1331,0,0.1072647,0.05363235,0.360036004
10/01/2023,1,2,0,216,993,0,0.1043127,0.05215635,0.360036004
10/01/2023,1,2,1,217,873,0,0.0953505,0.04767525,0.167359582
10/01/2023,1,2,2,218,917,0,0.0936999,0.04684995,0.360036004
10/01/2023,1,2,3,219,855,0,0.0890046,0.0445023,0.318753093
10/01/2023,1,2,4,220,898,0,0.0953505,0.04767525,0.167269975
10/01/2023,1,2,5,221,1098,0,0.1069371,0.05346855,0.360036004
10/01/2023,1,2,6,222,1235.91,0,0.1265967,0.06329835,0.124965502
10/01/2023,1,2,7,223,1235.91,0,0.1430982,0.0715491,0.147027117
10/01/2023,1,2,8,224,1184.91,0,0.1532043,0.07660215,0.333721801
10/01/2023,1,2,9,225,1271.91,0,0.148662,0.074331,0.358741827
10/01/2023,1,2,10,226,1237.91,0,0.1430982,0.0715491,0.303518432
10/01/2023,1,2,11,227,1265.91,796.388,0.1354347,0.06771735,0.240136915
10/01/2023,1,2,12,228,1270.91,41.4462,0.1336779,0.06683895,0.234083855
10/01/2023,1,2,13,229,1224.91,1169.18,0.1335825,0.06679125,0.11056094
10/01/2023,1,2,14,230,849,61.9134,0.1347471,0.06737355,0.196979798
10/01/2023,1,2,15,231,899,0,0.1352241,0.06761205,0.18740734
10/01/2023,1,2,16,232,861,0,0.1329534,0.0664767,0.349986559
10/01/2023,1,2,17,233,938,0,0.1356156,0.0678078,0.159118395
10/01/2023,1,2,18,234,881,0,0.1308249,0.06541245,0.347138567
10/01/2023,1,2,19,235,867,0,0.1159173,0.05795865,0.28312358
10/01/2023,1,2,20,236,932,0,0.1041498,0.0520749,0.125011725
10/01/2023,1,2,21,237,862,0,0.0928602,0.0464301,0.31872265
10/01/2023,1,2,22,238,891,0,0.0800811,0.04004055,0.302575126
11/01/2023,1,2,23,239,921,0,0.0532251,0.02661255,0.256918049
11/01/2023,1,3,0,240,887,0,0.0509535,0.02547675,0.149392878
11/01/2023,1,3,1,241,841,0,0.0512901,0.02564505,0.257545654
11/01/2023,1,3,2,242,1054,0,0.0495792,0.0247896,0.229473
11/01/2023,1,3,3,243,1017,0,0.0486477,0.02432385,0.123449224
11/01/2023,1,3,4,244,1034,0,0.0477441,0.02387205,0.268420783
11/01/2023,1,3,5,245,1018,0,0.0431991,0.02159955,0.135278457
11/01/2023,1,3,6,246,1149.5,0,0.0593901,0.02969505,0.144631161
11/01/2023,1,3,7,247,1192.5,0,0.0955368,0.0477684,0.2799984
11/01/2023,1,3,8,248,1048,0,0.1144557,0.05722785,0.170846459
11/01/2023,1,3,9,249,1037,0,0.1215846,0.0607923,0.246474308
01/04/2023,4,5,23,2159,3731,0,0.0849249,0.04246245,0.29142579
01/04/2023,4,6,0,2160,4926,0,0.0868833,0.04344165,0.319478058
01/04/2023,4,6,1,2161,4925,0,0.0836397,0.04181985,0.360036004
01/04/2023,4,6,2,2162,4918,0,0.0830259,0.04151295,0.153576592
01/04/2023,4,6,3,2163,4853,0,0.0831591,0.04157955,0.225390207
01/04/2023,4,6,4,2164,4958,0,0.0841518,0.0420759,0.132389994
01/04/2023,4,6,5,2165,4876,0,0.08496,0.04248,0.240401349
01/04/2023,4,6,6,2166,4905,469.685,0.086454,0.043227,0.175750978
01/04/2023,4,6,7,2167,4885,19644,0.0885825,0.04429125,0.215439934
01/04/2023,4,6,8,2168,4957,18345.7,0.0910071,0.04550355,0.102172632
01/04/2023,4,6,9,2169,4261,32543.8,0.0912735,0.04563675,0.193493905
01/04/2023,4,6,10,2170,4896,69827.4,0.0911196,0.0455598,0.210212341
01/04/2023,4,6,11,2171,4868,76485.8,0.0891864,0.0445932,0.353579371
01/04/2023,4,6,12,2172,4912,46293.8,0.087723,0.0438615,0.102959518
01/04/2023,4,6,13,2173,3924,37017.2,0.0873855,0.04369275,0.304169135
01/04/2023,4,6,14,2174,3705,23921.9,0.0867708,0.0433854,0.273585919
01/04/2023,4,6,15,2175,847,24861.5,0.0866691,0.04333455,0.256369479
01/04/2023,4,6,16,2176,3050,17010.4,0.0866583,0.04332915,0.360036004
01/04/2023,4,6,17,2177,4246,10020.1,0.0883062,0.0441531,0.283268474
01/04/2023,4,6,18,2178,4215,0,0.0903528,0.0451764,0.104117512
01/04/2023,4,6,19,2179,4192,0,0.0957861,0.04789305,0.183632693
01/04/2023,4,6,20,2180,4196,0,0.0918567,0.04592835,0.281512922
01/04/2023,4,6,21,2181,4227,0,0.091089,0.0455445,0.315549115
01/04/2023,4,6,22,2182,4842,0,0.0895437,0.04477185,0.242262973
02/04/2023,4,6,23,2183,4870,0,0.0875385,0.04376925,0.360036004
02/04/2023,4,0,0,2184,5052,0,0.0891279,0.04456395,0.217826374
02/04/2023,4,0,1,2185,5090,0,0.0883953,0.04419765,0.21296375
02/04/2023,4,0,2,2186,5039,0,0.087867,0.0439335,0.098267854
02/04/2023,4,0,3,2187,5095,0,0.0878877,0.04394385,0.258436286
02/04/2023,4,0,4,2188,5438,0,0.0882225,0.04411125,0.176542138
02/04/2023,4,0,5,2189,5360,0,0.0885177,0.04425885,0.16235807
02/04/2023,4,0,6,2190,5360,501.843,0.0892593,0.04462965,0.24621111
02/04/2023,4,0,7,2191,5238,20235,0.089829,0.0449145,0.128042948
02/04/2023,4,0,8,2192,5396,18259.8,0.0903267,0.04516335,0.336973942
02/04/2023,4,0,9,2193,5334,32801.9,0.0911502,0.0455751,0.113125099
02/04/2023,4,0,10,2194,5387,48105.6,0.0912015,0.04560075,0.173671134
02/04/2023,4,0,11,2195,5446,55117.2,0.0905508,0.0452754,0.17321545
02/04/2023,4,0,12,2196,5330,61654.5,0.0897273,0.04486365,0.127422741
02/04/2023,4,0,13,2197,4169,57618.6,0.0886599,0.04432995,0.18237302
02/04/2023,4,0,14,2198,4135,47247.7,0.0878472,0.0439236,0.152672146
02/04/2023,4,0,15,2199,2608,54551.3,0.0872676,0.0436338,0.353396598
02/04/2023,4,0,16,2200,3165,36887.1,0.0866673,0.04333365,0.360036004
02/04/2023,4,0,17,2201,3008,5238.52,0.0925938,0.0462969,0.320809826
02/04/2023,4,0,18,2202,3044,135.664,0.098703,0.0493515,0.204842678
02/04/2023,4,0,19,2203,2979,0,0.106164,0.053082,0.347104146
02/04/2023,4,0,20,2204,3197,0,0.1092339,0.05461695,0.127545961
02/04/2023,4,0,21,2205,3195,0,0.1140723,0.05703615,0.198116423
02/04/2023,4,0,22,2206,3351,0,0.1112166,0.0556083,0.261342642
03/04/2023,4,0,23,2207,3329,0,0.1077093,0.05385465,0.192373005
03/04/2023,4,1,0,2208,3295,0,0.1071198,0.0535599,0.28100038
03/04/2023,4,1,1,2209,2358,0,0.1062864,0.0531432,0.31877123
03/04/2023,4,1,2,2210,3394,0,0.1064187,0.05320935,0.256314012
03/04/2023,4,1,3,2211,3342,0,0.1051074,0.0525537,0.253591321
03/04/2023,4,1,4,2212,3370,0,0.1020879,0.05104395,0.191570415
03/04/2023,4,1,5,2213,2230,0,0.1067337,0.05336685,0.24265943
03/04/2023,4,1,6,2214,1826,425.153,0.1364562,0.0682281,0.291159937
03/04/2023,4,1,7,2215,1825,12434.3,0.1657008,0.0828504,0.166370863
03/04/2023,4,1,8,2216,1804,18817.5,0.1613403,0.08067015,0.340841535
03/04/2023,4,1,9,2217,1295,37950.9,0.113697,0.0568485,0.308117695
03/04/2023,4,1,10,2218,1151.035,46540.3,0.1057374,0.0528687,0.283717155
03/04/2023,4,1,11,2219,1170.035,31630.9,0.0967716,0.0483858,0.220428992
03/04/2023,4,1,12,2220,1148,33132.8,0.0905508,0.0452754,0.316464458
03/04/2023,4,1,13,2221,812,23076.1,0.0849798,0.0424899,0.103684553
03/04/2023,4,1,14,2222,835,16914.4,0.0818388,0.0409194,0.338861276
03/04/2023,4,1,15,2223,877,23924.7,0.0884061,0.04420305,0.271673717
03/04/2023,4,1,16,2224,868,13496.5,0.0927972,0.0463986,0.355147483
03/04/2023,4,1,17,2225,890,3032.06,0.102078,0.051039,0.109602684
03/04/2023,4,1,18,2226,937,0,0.109458,0.054729,0.305147206
03/04/2023,4,1,19,2227,1047,0,0.1514799,0.07573995,0.219586501
03/04/2023,4,1,20,2228,1035,0,0.1538991,0.07694955,0.29630859
03/04/2023,4,1,21,2229,1112,0,0.1355112,0.0677556,0.126561367
03/04/2023,4,1,22,2230,1070,0,0.1145808,0.0572904,0.211130997
04/04/2023,4,1,23,2231,1042,0,0.1110744,0.0555372,0.356096842
04/04/2023,4,2,0,2232,1048.985,0,0.1090242,0.0545121,0.156587712
04/04/2023,4,2,1,2233,1121.985,0,0.1082124,0.0541062,0.274762267
04/04/2023,4,2,2,2234,1108.985,0,0.1093797,0.05468985,0.155107635
04/04/2023,4,2,3,2235,1132.985,0,0.109359,0.0546795,0.249151952
04/04/2023,4,2,4,2236,1072.985,0,0.1093797,0.05468985,0.353633524
04/04/2023,4,2,5,2237,1129.985,0,0.1116126,0.0558063,0.110577032
04/04/2023,4,2,6,2238,1086.985,0,0.1197837,0.05989185,0.292841306
04/04/2023,4,2,7,2239,1054.985,0,0.177417,0.0887085,0.199940615
04/04/2023,4,2,8,2240,1042,0,0.1755999,0.08779995,0.253633859
04/04/2023,4,2,9,2241,1090,3170.71,0.1373436,0.0686718,0.236282639
04/04/2023,4,2,10,2242,1134,14248.2,0.1173276,0.0586638,0.311972677
04/04/2023,4,2,11,2243,1091,6136.1,0.1106073,0.05530365,0.200189489
04/04/2023,4,2,12,2244,888,10805.8,0.1079379,0.05396895,0.097804892
04/04/2023,4,2,13,2245,890,11301.1,0.1071063,0.05355315,0.360036004
04/04/2023,4,2,14,2246,867,12813.5,0.1063143,0.05315715,0.218650102
04/04/2023,4,2,15,2247,813,6779.78,0.1076949,0.05384745,0.18752531
04/04/2023,4,2,16,2248,1035,11734.6,0.1104957,0.05524785,0.30669458
04/04/2023,4,2,17,2249,1351.075,486.465,0.1178343,0.05891715,0.333764331
04/04/2023,4,2,18,2250,1303.075,149.5,0.1208088,0.0604044,0.350392155
04/04/2023,4,2,19,2251,1274.075,0,0.1211535,0.06057675,0.313329517
04/04/2023,4,2,20,2252,1334.075,0,0.1289394,0.0644697,0.236735814
04/04/2023,4,2,21,2253,1027,0,0.1226259,0.06131295,0.296814181
04/04/2023,4,2,22,2254,1061,0,0.1160991,0.05804955,0.121772243
05/04/2023,4,2,23,2255,1094,0,0.1114911,0.05574555,0.142752171
05/04/2023,4,3,0,2256,892,0,0.1111374,0.0555687,0.266424167
05/04/2023,4,3,1,2257,929,0,0.1106109,0.05530545,0.170504936
05/04/2023,4,3,2,2258,814,0,0.1103976,0.0551988,0.154779901
05/04/2023,4,3,3,2259,869,0,0.1104381,0.05521905,0.34263083
05/04/2023,4,3,4,2260,891,0,0.1109043,0.05545215,0.339136534
05/04/2023,4,3,5,2261,841,0,0.1147437,0.05737185,0.343199131
05/04/2023,4,3,6,2262,875,813.438,0.1197279,0.05986395,0.157840501
05/04/2023,4,3,7,2263,886,22525.7,0.1519515,0.07597575,0.193893612
05/04/2023,4,3,8,2264,863,16520.6,0.1737108,0.0868554,0.338088437
05/04/2023,4,3,9,2265,860,44948.9,0.1341432,0.0670716,0.129264535
05/04/2023,4,3,10,2266,869,51165.5,0.1173978,0.0586989,0.323825813
05/04/2023,4,3,11,2267,862,61823.5,0.1128798,0.0564399,0.23341057
05/04/2023,4,3,12,2268,850,53324.3,0.1115019,0.05575095,0.172083347
05/04/2023,4,3,13,2269,863,12920.3,0.1117449,0.05587245,0.303865081
05/04/2023,4,3,14,2270,839,40760.9,0.1113705,0.05568525,0.360036004
05/04/2023,4,3,15,2271,1108,58605.1,0.1113705,0.05568525,0.147378111
05/04/2023,4,3,16,2272,1244.6025,40779.5,0.1114722,0.0557361,0.344361679
05/04/2023,4,3,17,2273,1263.6025,6417.69,0.1129104,0.0564552,0.140172959
05/04/2023,4,3,18,2274,1223.6025,1151.9,0.113022,0.056511,0.292325081
05/04/2023,4,3,19,2275,1274.6025,0,0.1117656,0.0558828,0.208152401
05/04/2023,4,3,20,2276,1277.6025,0,0.111573,0.0557865,0.156837279
05/04/2023,4,3,21,2277,849,0,0.1124343,0.05621715,0.352395912
05/04/2023,4,3,22,2278,892,0,0.1125351,0.05626755,0.139759065
06/04/2023,4,3,23,2279,843,0,0.1112796,0.0556398,0.129019924
06/04/2023,4,4,0,2280,887,0,0.1177947,0.05889735,0.331931382
06/04/2023,4,4,1,2281,909,0,0.1165536,0.0582768,0.316464761
06/04/2023,4,4,2,2282,920,0,0.1164816,0.0582408,0.334481188
06/04/2023,4,4,3,2283,919,0,0.1146852,0.0573426,0.229875589
06/04/2023,4,4,4,2284,910,0,0.1142136,0.0571068,0.263832291
06/04/2023,4,4,5,2285,850,0,0.1179081,0.05895405,0.334958657
06/04/2023,4,4,6,2286,812,0,0.1178253,0.05891265,0.360036004
06/04/2023,4,4,7,2287,820,595.062,0.1207305,0.06036525,0.345399047
06/04/2023,4,4,8,2288,843,13576.4,0.1211508,0.0605754,0.2435807
06/04/2023,4,4,9,2289,853,27796.8,0.1203813,0.06019065,0.15661339
06/04/2023,4,4,10,2290,856,40575.5,0.1148184,0.0574092,0.343067488
06/04/2023,4,4,11,2291,909,47511.3,0.1103337,0.05516685,0.28773184
06/04/2023,4,4,12,2292,858,41649.3,0.1067526,0.0533763,0.097052033
06/04/2023,4,4,13,2293,858,43486.5,0.1059624,0.0529812,0.353965906
06/04/2023,4,4,14,2294,883,37882.6,0.1069578,0.0534789,0.154534506
06/04/2023,4,4,15,2295,851,34869.3,0.1074195,0.05370975,0.360036004
06/04/2023,4,4,16,2296,917,18981.3,0.1092663,0.05463315,0.310378348
06/04/2023,4,4,17,2297,820,5412.87,0.1143261,0.05716305,0.135859789
06/04/2023,4,4,18,2298,852,221.372,0.1156806,0.0578403,0.183595844
06/04/2023,4,4,19,2299,884,0,0.1159686,0.0579843,0.139460055
06/04/2023,4,4,20,2300,873,0,0.1152702,0.0576351,0.150548817
06/04/2023,4,4,21,2301,897,0,0.1133208,0.0566604,0.353210814
06/04/2023,4,4,22,2302,909,0,0.1118628,0.0559314,0.103469826
07/04/2023,4,4,23,2303,898,0,0.1099026,0.0549513,0.357635711
07/04/2023,4,5,0,2304,935,0,0.1015524,0.0507762,0.342207359
07/04/2023,4,5,1,2305,819,0,0.1005246,0.0502623,0.295930659
07/04/2023,4,5,2,2306,890,0,0.1009665,0.05048325,0.18143213
07/04/2023,4,5,3,2307,909,0,0.1015632,0.0507816,0.340726829
07/04/2023,4,5,4,2308,1276,0,0.1027557,0.05137785,0.108130007
07/04/2023,4,5,5,2309,2424,0,0.1067958,0.0533979,0.288958252
07/04/2023,4,5,6,2310,2487,0,0.1058292,0.0529146,0.152743858
07/04/2023,4,5,7,2311,2448,223.796,0.1074744,0.0537372,0.256961576
07/04/2023,4,5,8,2312,2475,17234.7,0.1103121,0.05515605,0.342235725
07/04/2023,4,5,9,2313,2482,26839.9,0.1068678,0.0534339,0.319576398
07/04/2023,4,5,10,2314,2458,44921.1,0.1046169,0.05230845,0.183581463
07/04/2023,4,5,11,2315,2447,43452.6,0.1037322,0.0518661,0.304381586
07/04/2023,4,5,12,2316,2467,42620.6,0.0975744,0.0487872,0.309140683
07/04/2023,4,5,13,2317,2504,44624.4,0.0920637,0.04603185,0.22027321
07/04/2023,4,5,14,2318,2456,38357.5,0.0914778,0.0457389,0.360036004
07/04/2023,4,5,15,2319,2508,11159.9,0.0964431,0.04822155,0.161861463
07/04/2023,4,5,16,2320,2487,13151.2,0.1038762,0.0519381,0.295257848
07/04/2023,4,5,17,2321,1251,3412.19,0.1105281,0.05526405,0.179153634
07/04/2023,4,5,18,2322,1229,0,0.1140543,0.05702715,0.181432485
07/04/2023,4,5,19,2323,1269,0,0.114435,0.0572175,0.201422725
07/04/2023,4,5,20,2324,1331,0,0.1153701,0.05768505,0.331899894
07/04/2023,4,5,21,2325,868,0,0.1161099,0.05805495,0.103251547
07/04/2023,4,5,22,2326,896,0,0.1160694,0.0580347,0.222676297
08/04/2023,4,5,23,2327,833,0,0.1149174,0.0574587,0.360036004
08/04/2023,4,6,0,2328,1074,0,0.1126152,0.0563076,0.360036004
08/04/2023,4,6,1,2329,1127,0,0.1113093,0.05565465,0.294658946
08/04/2023,4,6,2,2330,1090,0,0.1119879,0.05599395,0.322029206
08/04/2023,4,6,3,2331,1068,0,0.1103328,0.0551664,0.187691019
08/04/2023,4,6,4,2332,1073,0,0.1103535,0.05517675,0.30081795
08/04/2023,4,6,5,2333,1409,0,0.1115046,0.0557523,0.340452093
08/04/2023,4,6,6,2334,1392,0,0.1120185,0.05600925,0.360036004
08/04/2023,4,6,7,2335,1684,7204.54,0.1128312,0.0564156,0.174863446
08/04/2023,4,6,8,2336,1642,14519.8,0.1130571,0.05652855,0.245809272
08/04/2023,4,6,9,2337,1695,41730.8,0.1135404,0.0567702,0.14709821
08/04/2023,4,6,10,2338,1612,47343.6,0.1111032,0.0555516,0.335527185
08/04/2023,4,6,11,2339,1603,57302.5,0.1071972,0.0535986,0.247228732
08/04/2023,4,6,12,2340,2654,62447.9,0.1016244,0.0508122,0.199054213
08/04/2023,4,6,13,2341,2653,64065.3,0.0984483,0.04922415,0.176838342
08/04/2023,4,6,14,2342,2599,55349.1,0.0949941,0.04749705,0.249761392
08/04/2023,4,6,15,2343,2662,42916.6,0.0940374,0.0470187,0.138203183
08/04/2023,4,6,16,2344,2624,23508,0.0986742,0.0493371,0.21607222
08/04/2023,4,6,17,2345,2607,7336.9,0.1074024,0.0537012,0.341071876
08/04/2023,4,6,18,2346,2354,2886.22,0.1112886,0.0556443,0.314813888
08/04/2023,4,6,19,2347,2347,0,0.1123578,0.0561789,0.259207046
08/04/2023,4,6,20,2348,2335,0,0.1127592,0.0563796,0.326102149
08/04/2023,4,6,21,2349,2313,0,0.112923,0.0564615,0.104361214
08/04/2023,4,6,22,2350,2379,0,0.1127484,0.0563742,0.236065417
09/04/2023,4,6,23,2351,3478,0,0.1126044,0.0563022,0.323923128
09/04/2023,4,0,0,2352,3640,0,0.1110114,0.0555057,0.226531511
09/04/2023,4,0,1,2353,3938,0,0.1108053,0.05540265,0.313408015
09/04/2023,4,0,2,2354,3924,0,0.110682,0.055341,0.136608078
09/04/2023,4,0,3,2355,3928,0,0.1099935,0.05499675,0.098816942
09/04/2023,4,0,4,2356,3936,0,0.1093662,0.0546831,0.13701416
09/04/2023,4,0,5,2357,3955,0,0.1094895,0.05474475,0.106134176
09/04/2023,4,0,6,2358,3981,0,0.1095714,0.0547857,0.147200863
09/04/2023,4,0,7,2359,3948,0,0.1103013,0.05515065,0.179811493
09/04/2023,4,0,8,2360,3910,8281,0.1116999,0.05584995,0.199947627
09/04/2023,4,0,9,2361,3979,30813.7,0.1099629,0.05498145,0.328823046
09/04/2023,4,0,10,2362,3882,24296.3,0.1046475,0.05232375,0.215138187
09/04/2023,4,0,11,2363,3932,17210.5,0.092403,0.0462015,0.204597173
09/04/2023,4,0,12,2364,3101,20772.4,0.0865737,0.04328685,0.325860797
09/04/2023,4,0,13,2365,3883,38772,0.0702999,0.03514995,0.215908382
09/04/2023,4,0,14,2366,4005,40150.8,0.0702171,0.03510855,0.196809622
09/04/2023,4,0,15,2367,3929,24680.2,0.0676368,0.0338184,0.270459434
09/04/2023,4,0,16,2368,3929,16441.9,0.0785961,0.03929805,0.22579961
09/04/2023,4,0,17,2369,2835,7457.61,0.0946746,0.0473373,0.360036004
09/04/2023,4,0,18,2370,2416,1575.07,0.105912,0.052956,0.209224455
09/04/2023,4,0,19,2371,2385,0,0.1102608,0.0551304,0.324895706
09/04/2023,4,0,20,2372,2536,0,0.110394,0.055197,0.349824283
09/04/2023,4,0,21,2373,1438.64,0,0.1102095,0.05510475,0.108263451
09/04/2023,4,0,22,2374,2745.73,0,0.1091403,0.05457015,0.166748171
10/04/2023,4,0,23,2375,2749.73,0,0.1065285,0.05326425,0.30704281
10/04/2023,4,1,0,2376,2728.73,0,0.0977391,0.04886955,0.217712092
10/04/2023,4,1,1,2377,2679.09,0,0.0841473,0.04207365,0.260494757
10/04/2023,4,1,2,2378,2737.09,0,0.0796653,0.03983265,0.335675794
10/04/2023,4,1,3,2379,3302,0,0.0739179,0.03695895,0.152758719
10/04/2023,4,1,4,2380,3425,0,0.0719649,0.03598245,0.236567641
10/04/2023,4,1,5,2381,3633,0,0.0728289,0.03641445,0.304961397
10/04/2023,4,1,6,2382,3824,100.137,0.0798606,0.0399303,0.095264985
10/04/2023,4,1,7,2383,3858,12935.1,0.0785961,0.03929805,0.269461022
10/04/2023,4,1,8,2384,3817,13591.6,0.0735174,0.0367587,0.243073011
10/04/2023,4,1,9,2385,3878,43812.9,0.06813,0.034065,0.337682011
10/04/2023,4,1,10,2386,3819,73238.6,0.0687366,0.0343683,0.251680628
10/04/2023,4,1,11,2387,3597,79377.8,0.0726228,0.0363114,0.248359856
10/04/2023,4,1,12,2388,3407,80963.4,0.0734868,0.0367434,0.139118089
10/04/2023,4,1,13,2389,3456,77993.6,0.0731988,0.0365994,0.352992093
10/04/2023,4,1,14,2390,2237,70521.1,0.0723348,0.0361674,0.17241081
10/04/2023,4,1,15,2391,3409,58778.5,0.0721089,0.03605445,0.096086127
10/04/2023,4,1,16,2392,3347,20858.7,0.070947,0.0354735,0.196513375
10/04/2023,4,1,17,2393,3405,7583.32,0.0691992,0.0345996,0.329095277
10/04/2023,4,1,18,2394,2532,2761.4,0.0675027,0.03375135,0.360036004
10/04/2023,4,1,19,2395,2283.575,0,0.0695385,0.03476925,0.345736871
10/04/2023,4,1,20,2396,2279.575,0,0.0740313,0.03701565,0.355728
10/04/2023,4,1,21,2397,2289.575,0,0.0745353,0.03726765,0.180151037
10/04/2023,4,1,22,2398,2300.575,0,0.0683046,0.0341523,0.360036004
11/04/2023,4,1,23,2399,1135.575,0,0.0690354,0.0345177,0.168953332
11/04/2023,4,2,0,2400,1175.575,0,0.0761805,0.03809025,0.360036004
11/04/2023,4,2,1,2401,1024,0,0.0737226,0.0368613,0.341385382
11/04/2023,4,2,2,2402,1056,0,0.07362,0.03681,0.270991733
11/04/2023,4,2,3,2403,862,0,0.07362,0.03681,0.333887253
11/04/2023,4,2,4,2404,872,0,0.0737748,0.0368874,0.185098586
11/04/2023,4,2,5,2405,906,0,0.0777321,0.03886605,0.230574127
11/04/2023,4,2,6,2406,855,6853.73,0.0851139,0.04255695,0.347974824
11/04/2023,4,2,7,2407,864,27292.2,0.1051101,0.05255505,0.328502792
11/04/2023,4,2,8,2408,917,25209.6,0.1038042,0.0519021,0.134844675
01/07/2023,7,5,23,4343,865,0,0.0641781,0.03208905,0.156536367
01/07/2023,7,6,0,4344,879,0,0.0698148,0.0349074,0.180773336
01/07/2023,7,6,1,4345,894,0,0.0659799,0.03298995,0.288924935
01/07/2023,7,6,2,4346,839,0,0.0655173,0.03275865,0.176421874
01/07/2023,7,6,3,4347,857,0,0.0653391,0.03266955,0.255885903
01/07/2023,7,6,4,4348,853,0,0.0638469,0.03192345,0.147948027
01/07/2023,7,6,5,4349,896,8564.2,0.0547173,0.02735865,0.14613884
01/07/2023,7,6,6,4350,888,14725.6,0.0553689,0.02768445,0.239675669
01/07/2023,7,6,7,4351,885,21416.6,0.0579114,0.0289557,0.133078376
01/07/2023,7,6,8,4352,905,22393.3,0.0682812,0.0341406,0.34177555
01/07/2023,7,6,9,4353,836,35682.3,0.0661167,0.03305835,0.130048448
01/07/2023,7,6,10,4354,902,43959.5,0.0480879,0.02404395,0.201499879
01/07/2023,7,6,11,4355,870,46923,0.0266859,0.01334295,0.111396234
01/07/2023,7,6,12,4356,879,47680.8,0.0182079,0.00910395,0.148284244
01/07/2023,7,6,13,4357,888,45065.8,0.0048015,0.00240075,0.305113191
01/07/2023,7,6,14,4358,874,42781.2,0.0000738,0.0000369,0.225653615
01/07/2023,7,6,15,4359,859,35380.2,0.0010404,0.0005202,0.172392628
01/07/2023,7,6,16,4360,877,25860.6,0.0133119,0.00665595,0.229156906
01/07/2023,7,6,17,4361,999,16239.7,0.056682,0.028341,0.126714186
01/07/2023,7,6,18,4362,1363,9477.21,0.0696888,0.0348444,0.269958579
01/07/2023,7,6,19,4363,1373,3452.11,0.0706977,0.03534885,0.271217499
01/07/2023,7,6,20,4364,1321,999.727,0.0700146,0.0350073,0.2517066
01/07/2023,7,6,21,4365,1389,0,0.0695097,0.03475485,0.181824687
01/07/2023,7,6,22,4366,1295,0,0.0702774,0.0351387,0.16743289
02/07/2023,7,6,23,4367,1402,0,0.0700983,0.03504915,0.316722002
02/07/2023,7,0,0,4368,1358,0,0.025812,0.012906,0.099973112
02/07/2023,7,0,1,4369,1304,0,0.0033354,0.0016677,0.237952999
02/07/2023,7,0,2,4370,1392,0,0.0000108,0.0000054,0.143967055
02/07/2023,7,0,3,4371,1342,0,0,0,0.315165274
02/07/2023,7,0,4,4372,1349,842.653,-0.0000315,-0.00001575,0.233702627
02/07/2023,7,0,5,4373,1307,1443.88,-0.0000522,-0.0000261,0.276122165
02/07/2023,7,0,6,4374,1098,1627.9,-0.000063,-0.0000315,0.32165588
02/07/2023,7,0,7,4375,988,1970.64,-0.0005472,-0.0002736,0.09395138
02/07/2023,7,0,8,4376,816,3776.89,-0.0031986,-0.0015993,0.266525922
02/07/2023,7,0,9,4377,866,7066.41,-0.0052929,-0.00264645,0.254173425
02/07/2023,7,0,10,4378,886,7408.33,-0.0044613,-0.00223065,0.229301554
02/07/2023,7,0,11,4379,851,7114.39,-0.0032301,-0.00161505,0.13269766
02/07/2023,7,0,12,4380,911,6824.78,-0.0026307,-0.00131535,0.310560597
02/07/2023,7,0,13,4381,841,6826.2,-0.0044298,-0.0022149,0.144398716
02/07/2023,7,0,14,4382,854,5184.91,-0.006966,-0.003483,0.166520375
02/07/2023,7,0,15,4383,902,3735.15,-0.006408,-0.003204,0.180950768
02/07/2023,7,0,16,4384,812,2297.66,-0.0045144,-0.0022572,0.194673941
02/07/2023,7,0,17,4385,861,1320.9,-0.0011259,-0.00056295,0.27910748
02/07/2023,7,0,18,4386,1023,613.21,0,0,0.144790102
02/07/2023,7,0,19,4387,1012,78.8323,0.0052299,0.00261495,0.315349652
02/07/2023,7,0,20,4388,1259.075,0,0.0299574,0.0149787,0.230863144
02/07/2023,7,0,21,4389,1307.075,0,0.0297576,0.0148788,0.227522508
02/07/2023,7,0,22,4390,1302.075,0,0.0224442,0.0112221,0.090009001
03/07/2023,7,0,23,4391,1261.075,0,0.0177093,0.00885465,0.216365361
03/07/2023,7,1,0,4392,1345.075,0,0.0226233,0.01131165,0.169730549
03/07/2023,7,1,1,4393,1243.075,0,0.0210132,0.0105066,0.234916754
03/07/2023,7,1,2,4394,1302.075,0,0.0195399,0.00976995,0.195193107
03/07/2023,7,1,3,4395,1065,0,0.010449,0.0052245,0.251345658
03/07/2023,7,1,4,4396,1101,1026.02,0.0104274,0.0052137,0.179876761
03/07/2023,7,1,5,4397,843,2951.93,0.018909,0.0094545,0.090009001
03/07/2023,7,1,6,4398,919,3982.78,0.0538542,0.0269271,0.279038376
03/07/2023,7,1,7,4399,915,5519.56,0.0581895,0.02909475,0.193223086
03/07/2023,7,1,8,4400,858,5071.17,0.0606726,0.0303363,0.152762374
03/07/2023,7,1,9,4401,912,6770.83,0.0597465,0.02987325,0.164047548
03/07/2023,7,1,10,4402,832,14105.9,0.0221607,0.01108035,0.306506446
03/07/2023,7,1,11,4403,852,16425,0.0182565,0.00912825,0.245591772
03/07/2023,7,1,12,4404,899,11705.1,0.0173619,0.00868095,0.313034034
03/07/2023,7,1,13,4405,889,12447.8,0.0155106,0.0077553,0.204742301
03/07/2023,7,1,14,4406,866,17073.1,0.0116694,0.0058347,0.261861025
03/07/2023,7,1,15,4407,896,13719.6,0.010512,0.005256,0.30087868
03/07/2023,7,1,16,4408,846,7612.4,0.0180036,0.0090018,0.118697452
03/07/2023,7,1,17,4409,881,3805.99,0.0317988,0.0158994,0.205402734
03/07/2023,7,1,18,4410,913,1890.32,0.0552429,0.02762145,0.129446152
03/07/2023,7,1,19,4411,847,695.839,0.0595575,0.02977875,0.226864243
03/07/2023,7,1,20,4412,914,21.2592,0.0657765,0.03288825,0.270819271
03/07/2023,7,1,21,4413,877,0,0.0685962,0.0342981,0.240502502
03/07/2023,7,1,22,4414,855,0,0.0683748,0.0341874,0.173108807
04/07/2023,7,1,23,4415,851,0,0.0678492,0.0339246,0.165312341
04/07/2023,7,2,0,4416,879,0,0.063153,0.0315765,0.317997219
04/07/2023,7,2,1,4417,897,0,0.0583686,0.0291843,0.133297288
04/07/2023,7,2,2,4418,1142,0,0.0577467,0.02887335,0.116050269
04/07/2023,7,2,3,4419,1289.5725,0,0.0575784,0.0287892,0.169086936
04/07/2023,7,2,4,4420,1326.5725,225.172,0.057357,0.0286785,0.203090095
04/07/2023,7,2,5,4421,1554.5725,1148.83,0.0579051,0.02895255,0.240892178
04/07/2023,7,2,6,4422,1539.5725,2426.93,0.063216,0.031608,0.280341129
04/07/2023,7,2,7,4423,1563.5725,3123.95,0.0684216,0.0342108,0.186840348
04/07/2023,7,2,8,4424,1550.5725,5386.76,0.0684009,0.03420045,0.305035868
04/07/2023,7,2,9,4425,1556.5725,9308.4,0.0653238,0.0326619,0.300315261
04/07/2023,7,2,10,4426,1597.5725,11013.5,0.0547542,0.0273771,0.159916008
04/07/2023,7,2,11,4427,1462.895,11154,0.0248373,0.01241865,0.250097368
04/07/2023,7,2,12,4428,1260.895,12270.9,0.0254907,0.01274535,0.218124209
04/07/2023,7,2,13,4429,1088,13210.8,0.0251433,0.01257165,0.133342443
04/07/2023,7,2,14,4430,1166,12393.3,0.025038,0.012519,0.16390667
04/07/2023,7,2,15,4431,1074,9930.73,0.0497592,0.0248796,0.159336096
04/07/2023,7,2,16,4432,1079,8315.89,0.0539955,0.02699775,0.133560918
04/07/2023,7,2,17,4433,898,5450.98,0.0566514,0.0283257,0.161327775
04/07/2023,7,2,18,4434,925,3074.15,0.0580212,0.0290106,0.257872858
04/07/2023,7,2,19,4435,825,1586.44,0.0663876,0.0331938,0.228213692
04/07/2023,7,2,20,4436,914,566.206,0.0666405,0.03332025,0.101374963
04/07/2023,7,2,21,4437,939,0,0.0660717,0.03303585,0.226129806
04/07/2023,7,2,22,4438,895,0,0.0660609,0.03303045,0.124849677
05/07/2023,7,2,23,4439,850,0,0.0645336,0.0322668,0.294540825
05/07/2023,7,3,0,4440,825,0,0.0573615,0.02868075,0.140091807
05/07/2023,7,3,1,4441,882,0,0.0563391,0.02816955,0.298637754
05/07/2023,7,3,2,4442,862,0,0.0541467,0.02707335,0.322355318
05/07/2023,7,3,3,4443,810,0,0.0541368,0.0270684,0.256998286
05/07/2023,7,3,4,4444,852,998.521,0.0538335,0.02691675,0.202294733
05/07/2023,7,3,5,4445,874,4917.52,0.0538128,0.0269064,0.166194965
05/07/2023,7,3,6,4446,863,8898.11,0.0572049,0.02860245,0.174957858
05/07/2023,7,3,7,4447,808,8360.75,0.058374,0.029187,0.105183881
05/07/2023,7,3,8,4448,884,5923.9,0.0627363,0.03136815,0.18460281
05/07/2023,7,3,9,4449,883,5757.94,0.0650538,0.0325269,0.13989277
05/07/2023,7,3,10,4450,919,7426.77,0.0648342,0.0324171,0.185728617
05/07/2023,7,3,11,4451,1100,7208.23,0.0516843,0.02584215,0.26330307
05/07/2023,7,3,12,4452,1083,8834.43,0.0478323,0.02391615,0.190905108
05/07/2023,7,3,13,4453,1042,13619.2,0.0469665,0.02348325,0.298638226
05/07/2023,7,3,14,4454,1571.10275,13190.5,0.0450252,0.0225126,0.320295855
05/07/2023,7,3,15,4455,1601.10275,6174.2,0.0432612,0.0216306,0.269710622
05/07/2023,7,3,16,4456,1605.10275,3232.4,0.0409338,0.0204669,0.266126353
05/07/2023,7,3,17,4457,1525.10275,2188.35,0.04968,0.02484,0.150352214
05/07/2023,7,3,18,4458,1604.10275,1041.14,0.0615051,0.03075255,0.112981901
05/07/2023,7,3,19,4459,1531.10275,71.9187,0.0680076,0.0340038,0.290362376
05/07/2023,7,3,20,4460,1586.10275,0,0.0652311,0.03261555,0.219164554
05/07/2023,7,3,21,4461,1615.10275,0,0.0584055,0.02920275,0.244410248
05/07/2023,7,3,22,4462,1595.10275,0,0.0542196,0.0271098,0.131030819
06/07/2023,7,3,23,4463,1572.1125,0,0.0537813,0.02689065,0.128290884
06/07/2023,7,4,0,4464,1414.1125,0,0.0504612,0.0252306,0.21644835
06/07/2023,7,4,1,4465,1363.1125,0,0.0474462,0.0237231,0.300855891
06/07/2023,7,4,2,4466,1411.1125,0,0.0430173,0.02150865,0.181668992
06/07/2023,7,4,3,4467,1411.1125,0,0.0387252,0.0193626,0.223227007
06/07/2023,7,4,4,4468,1419.1125,2063.55,0.0432999,0.02164995,0.263422159
06/07/2023,7,4,5,4469,1200,8294.13,0.0489852,0.0244926,0.266408478
06/07/2023,7,4,6,4470,866,20510.9,0.0577269,0.02886345,0.293257648
06/07/2023,7,4,7,4471,836,37844.8,0.0648774,0.0324387,0.310614705
06/07/2023,7,4,8,4472,893,51455.8,0.0672957,0.03364785,0.093433491
06/07/2023,7,4,9,4473,911,61655.3,0.0663948,0.0331974,0.230690691
06/07/2023,7,4,10,4474,886,69143.5,0.0656307,0.03281535,0.298671468
06/07/2023,7,4,11,4475,934,73938.5,0.0631494,0.0315747,0.16441234
06/07/2023,7,4,12,4476,876,74958.9,0.0591921,0.02959605,0.312278035
06/07/2023,7,4,13,4477,845,73198.6,0.0596007,0.02980035,0.285507396
06/07/2023,7,4,14,4478,832,68903.9,0.0584496,0.0292248,0.095902564
06/07/2023,7,4,15,4479,879,61008.1,0.0575802,0.0287901,0.2467057
06/07/2023,7,4,16,4480,851,49565.2,0.0543348,0.0271674,0.270811121
06/07/2023,7,4,17,4481,1131,34449.9,0.0641547,0.03207735,0.24540388
06/07/2023,7,4,18,4482,1449,17414.3,0.0669294,0.0334647,0.11538456
06/07/2023,7,4,19,4483,1442,4950.5,0.0672219,0.03361095,0.237460909
06/07/2023,7,4,20,4484,1340,1949.48,0.0666882,0.0333441,0.279814163
06/07/2023,7,4,21,4485,1357,0,0.0642177,0.03210885,0.308092646
06/07/2023,7,4,22,4486,1389,0,0.0624375,0.03121875,0.258286147
07/07/2023,7,4,23,4487,1389,0,0.0575802,0.0287901,0.186542472
07/07/2023,7,5,0,4488,1455,0,0.0577413,0.02887065,0.120375104
07/07/2023,7,5,1,4489,1380,0,0.0562428,0.0281214,0.22542428
07/07/2023,7,5,2,4490,1384,0,0.0533394,0.0266697,0.248495861
07/07/2023,7,5,3,4491,1053,0,0.0519561,0.02597805,0.124501531
07/07/2023,7,5,4,4492,913,1791.87,0.0528156,0.0264078,0.179294819
07/07/2023,7,5,5,4493,935,6473.28,0.056871,0.0284355,0.112697017
07/07/2023,7,5,6,4494,821,19358.9,0.0629073,0.03145365,0.203741243
07/07/2023,7,5,7,4495,924,36680.5,0.0679059,0.03395295,0.294773236
07/07/2023,7,5,8,4496,842,51185.8,0.0683352,0.0341676,0.17752071
07/07/2023,7,5,9,4497,904,61890.9,0.0689121,0.03445605,0.220573824
07/07/2023,7,5,10,4498,888,69663,0.0687231,0.03436155,0.313740729
07/07/2023,7,5,11,4499,820,63878.9,0.0687753,0.03438765,0.114909234
07/07/2023,7,5,12,4500,908,37549.1,0.0691533,0.03457665,0.152273907
07/07/2023,7,5,13,4501,924,29861.6,0.0680841,0.03404205,0.241102242
07/07/2023,7,5,14,4502,1090,40937.4,0.0664596,0.0332298,0.233854978
07/07/2023,7,5,15,4503,1152,44936.7,0.0675288,0.0337644,0.223361093
07/07/2023,7,5,16,4504,1469,37465.3,0.0673299,0.03366495,0.138045733
07/07/2023,7,5,17,4505,1453,32123.5,0.0673506,0.0336753,0.112681825
07/07/2023,7,5,18,4506,1502,17036.5,0.0689751,0.03448755,0.197619406
07/07/2023,7,5,19,4507,1415,4074.97,0.069048,0.034524,0.210305296
07/07/2023,7,5,20,4508,1659,1681.98,0.0678537,0.03392685,0.227716649
07/07/2023,7,5,21,4509,1678,0,0.066753,0.0333765,0.189633178
07/07/2023,7,5,22,4510,1658,0,0.0623619,0.03118095,0.15190027
08/07/2023,7,5,23,4511,1618,0,0.0582543,0.02912715,0.170853287
08/07/2023,7,6,0,4512,1592,0,0.0566784,0.0283392,0.175460241
08/07/2023,7,6,1,4513,1685.9775,0,0.0540108,0.0270054,0.265491515
08/07/2023,7,6,2,4514,1679.9775,0,0.0503631,0.02518155,0.09607489
08/07/2023,7,6,3,4515,1676.9775,0,0.0491616,0.0245808,0.243586672
08/07/2023,7,6,4,4516,1912.9775,1425.75,0.0485388,0.0242694,0.255428248
08/07/2023,7,6,5,4517,1922.9775,5775.81,0.0455661,0.02278305,0.207397582
08/07/2023,7,6,6,4518,1932,20296.8,0.0500994,0.0250497,0.193964277
08/07/2023,7,6,7,4519,1587,38187,0.0565938,0.0282969,0.206712676
08/07/2023,7,6,8,4520,1558,53113.3,0.0584388,0.0292194,0.121874022
08/07/2023,7,6,9,4521,1491.6025,65378.2,0.0582597,0.02912985,0.226309074
08/07/2023,7,6,10,4522,1254.6025,71571.5,0.0587655,0.02938275,0.090883501
08/07/2023,7,6,11,4523,1269.6025,74572,0.0537786,0.0268893,0.299210652
08/07/2023,7,6,12,4524,1285.6025,75159.4,0.0376272,0.0188136,0.10089856
08/07/2023,7,6,13,4525,1348.6025,72058.4,0.0307854,0.0153927,0.129557612
08/07/2023,7,6,14,4526,1134,66626.6,0.0490032,0.0245016,0.090920063
08/07/2023,7,6,15,4527,1128,58567.2,0.0455661,0.02278305,0.122164945
08/07/2023,7,6,16,4528,1127,48927.7,0.0608112,0.0304056,0.260544206
08/07/2023,7,6,17,4529,851,33726.8,0.0611487,0.03057435,0.304306514
08/07/2023,7,6,18,4530,1108,16986.7,0.0632574,0.0316287,0.191393919
08/07/2023,7,6,19,4531,1086,4826.03,0.0637632,0.0318816,0.186394006
08/07/2023,7,6,20,4532,1098,1837.85,0.0619704,0.0309852,0.195307418
08/07/2023,7,6,21,4533,1044,0,0.0599886,0.0299943,0.142050674
08/07/2023,7,6,22,4534,1410,0,0.0586395,0.02931975,0.305847133
09/07/2023,7,6,23,4535,1368,0,0.0582705,0.02913525,0.272929073
09/07/2023,7,0,0,4536,1330,0,0.0544662,0.0272331,0.18679386
09/07/2023,7,0,1,4537,1377,0,0.0543834,0.0271917,0.142065621
09/07/2023,7,0,2,4538,1343,0,0.0531954,0.0265977,0.253792623
09/07/2023,7,0,3,4539,1344,0,0.0524871,0.02624355,0.097820189
09/07/2023,7,0,4,4540,1410,1767.29,0.0522261,0.02611305,0.260897945
09/07/2023,7,0,5,4541,1347,6610.67,0.0526644,0.0263322,0.315667218
09/07/2023,7,0,6,4542,1308,15420.8,0.0570087,0.02850435,0.113916467
09/07/2023,7,0,7,4543,1403,26372.3,0.0582795,0.02913975,0.303691001
09/07/2023,7,0,8,4544,1232,37643.2,0.0601551,0.03007755,0.219942221
09/07/2023,7,0,9,4545,858,47916.2,0.0621864,0.0310932,0.258061573
09/07/2023,7,0,10,4546,843,59681.9,0.0611964,0.0305982,0.230108724
09/07/2023,7,0,11,4547,854,41487.3,0.0536436,0.0268218,0.102255427
09/07/2023,7,0,12,4548,913,45641.7,0.047601,0.0238005,0.237149884
09/07/2023,7,0,13,4549,937,34893.3,0.0397665,0.01988325,0.185346251
09/07/2023,7,0,14,4550,922,5800.02,0.0467253,0.02336265,0.186944241
09/07/2023,7,0,15,4551,925,30252.7,0.0574569,0.02872845,0.291518725
09/07/2023,7,0,16,4552,930,20879,0.0660519,0.03302595,0.197140328
09/07/2023,7,0,17,4553,862,23320.8,0.0625095,0.03125475,0.180183781
09/07/2023,7,0,18,4554,928,14380.8,0.0624672,0.0312336,0.126910146
09/07/2023,7,0,19,4555,915,236.994,0.0624672,0.0312336,0.108995853
09/07/2023,7,0,20,4556,893,433.241,0.062478,0.031239,0.097875444
09/07/2023,7,0,21,4557,869,0,0.0625302,0.0312651,0.297435054
09/07/2023,7,0,22,4558,886,0,0.0609255,0.03046275,0.272774162
10/07/2023,7,0,23,4559,878,0,0.0591444,0.0295722,0.231643233
10/07/2023,7,1,0,4560,867,0,0.0589986,0.0294993,0.207169567
10/07/2023,7,1,1,4561,844,0,0.0586548,0.0293274,0.149850269
10/07/2023,7,1,2,4562,869,0,0.057519,0.0287595,0.192148246
10/07/2023,7,1,3,4563,921,0,0.0576027,0.02880135,0.151295308
10/07/2023,7,1,4,4564,858,1183.38,0.0577377,0.02886885,0.234725758
10/07/2023,7,1,5,4565,844,3401.33,0.0593838,0.0296919,0.163422888
10/07/2023,7,1,6,4566,818,20507.2,0.0623214,0.0311607,0.099504257
10/07/2023,7,1,7,4567,893,28185.7,0.062478,0.031239,0.149132437
10/07/2023,7,1,8,4568,846,56693.5,0.0630612,0.0315306,0.121086015
10/07/2023,7,1,9,4569,837,69390.8,0.0645615,0.03228075,0.319024859
10/07/2023,7,1,10,4570,923,78662.9,0.0645723,0.03228615,0.213675732
10/07/2023,7,1,11,4571,1116,83587.5,0.0645516,0.0322758,0.269079714
10/07/2023,7,1,12,4572,1304,84986.8,0.0645822,0.0322911,0.214845993
10/07/2023,7,1,13,4573,1409.8725,82558.5,0.0655515,0.03277575,0.30836673
10/07/2023,7,1,14,4574,1720.8725,75939.1,0.0646974,0.0323487,0.153475549
10/07/2023,7,1,15,4575,1754.8725,66259.9,0.064395,0.0321975,0.104456916
10/07/2023,7,1,16,4576,1673.29,53069.4,0.0646344,0.0323172,0.194680131
10/07/2023,7,1,17,4577,1700.29,35634.8,0.0624672,0.0312336,0.172929102
10/07/2023,7,1,18,4578,1604.29,17460.5,0.0624366,0.0312183,0.202931476
10/07/2023,7,1,19,4579,1401.29,7648.43,0.0624366,0.0312183,0.202952034
10/07/2023,7,1,20,4580,1466.29,882.627,0.0624672,0.0312336,0.260225292
10/07/2023,7,1,21,4581,1490.29,0,0.0605718,0.0302859,0.278288998
10/07/2023,7,1,22,4582,1433.29,0,0.0575811,0.02879055,0.196920001
11/07/2023,7,1,23,4583,1383,0,0.0534042,0.0267021,0.176516197
11/07/2023,7,2,0,4584,1427,0,0.0566154,0.0283077,0.281825387
11/07/2023,7,2,1,4585,1821,0,0.0536346,0.0268173,0.273707401
11/07/2023,7,2,2,4586,1806,0,0.0528534,0.0264267,0.22376673
11/07/2023,7,2,3,4587,2100,0,0.0518625,0.02593125,0.127150851
11/07/2023,7,2,4,4588,2324.28,1456.02,0.053082,0.026541,0.115827769
11/07/2023,7,2,5,4589,2303.28,5520.85,0.0565533,0.02827665,0.270214797
11/07/2023,7,2,6,4590,2266.28,20083.7,0.0582309,0.02911545,0.261885258
11/07/2023,7,2,7,4591,2335.28,38074.8,0.0610452,0.0305226,0.110575081
11/07/2023,7,2,8,4592,2315.28,53250,0.0617958,0.0308979,0.095978116
01/10/2023,10,6,23,6551,1291.2725,0,-0.0016983,-0.00084915,0.273669879
01/10/2023,10,0,0,6552,1316.2725,0,-0.0020241,-0.00101205,0.277969764
01/10/2023,10,0,1,6553,1479.2725,0,-0.0020547,-0.00102735,0.222998449
01/10/2023,10,0,2,6554,1244,0,-0.0021159,-0.00105795,0.120617376
01/10/2023,10,0,3,6555,1174,0,-0.0021258,-0.0010629,0.124519135
01/10/2023,10,0,4,6556,982,0,-0.0021051,-0.00105255,0.124776573
01/10/2023,10,0,5,6557,1051,0,-0.0021051,-0.00105255,0.248132393
01/10/2023,10,0,6,6558,1337,0,-0.002034,-0.001017,0.277205977
01/10/2023,10,0,7,6559,1347,353.759,-0.0018207,-0.00091035,0.255637993
01/10/2023,10,0,8,6560,1317,4480.21,-0.0010881,-0.00054405,0.206694439
01/10/2023,10,0,9,6561,1355,6630.12,-0.0004779,-0.00023895,0.317074023
01/10/2023,10,0,10,6562,1372,32109.1,-0.0001224,-0.0000612,0.119536154
01/10/2023,10,0,11,6563,1349,65222.1,-0.0000711,-0.00003555,0.13646167
01/10/2023,10,0,12,6564,1313,66004.8,-0.0002241,-0.00011205,0.159247184
01/10/2023,10,0,13,6565,1309,37462.5,-0.0019224,-0.0009612,0.339441367
01/10/2023,10,0,14,6566,1357,25810.9,-0.0007425,-0.00037125,0.262254812
01/10/2023,10,0,15,6567,1328,4689.15,-0.0001629,-0.00008145,0.197170331
01/10/2023,10,0,16,6568,1333,3030.58,0.0000099,0.00000495,0.19527542
01/10/2023,10,0,17,6569,1385,502.187,0.0005184,0.0002592,0.101287126
01/10/2023,10,0,18,6570,1333,0,0.0009666,0.0004833,0.259820596
01/10/2023,10,0,19,6571,1352,0,0.0014643,0.00073215,0.180861469
01/10/2023,10,0,20,6572,1218,0,0.001404,0.000702,0.218544518
01/10/2023,10,0,21,6573,1001,0,0.0008235,0.00041175,0.212253442
01/10/2023,10,0,22,6574,1015,0,-0.0001422,-0.0000711,0.235399566
02/10/2023,10,0,23,6575,832,0,-0.0007929,-0.00039645,0.159419391
02/10/2023,10,1,0,6576,863,0,0.0000612,0.0000306,0.246428163
02/10/2023,10,1,1,6577,886,0,0,0,0.225516861
02/10/2023,10,1,2,6578,902,0,-0.000315,-0.0001575,0.127649411
02/10/2023,10,1,3,6579,856,0,-0.0004167,-0.00020835,0.188527846
02/10/2023,10,1,4,6580,931,0,-0.000315,-0.0001575,0.242523369
02/10/2023,10,1,5,6581,907,0,0.0000099,0.00000495,0.32600879
02/10/2023,10,1,6,6582,1240,0,0.000153,0.0000765,0.286743264
02/10/2023,10,1,7,6583,1274,0,0.0019728,0.0009864,0.311371649
02/10/2023,10,1,8,6584,1226,1220.8,0.0031428,0.0015714,0.182211062
02/10/2023,10,1,9,6585,1160,7279.37,0.0031527,0.00157635,0.276009593
02/10/2023,10,1,10,6586,1306.545,18.2016,0.0029907,0.00149535,0.32122804
02/10/2023,10,1,11,6587,1304.545,1032.09,0.00297,0.001485,0.353635589
02/10/2023,10,1,12,6588,1325.545,2359.15,0.0032139,0.00160695,0.155675482
02/10/2023,10,1,13,6589,1290.545,475.993,0.0027972,0.0013986,0.215513672
02/10/2023,10,1,14,6590,1198,665.826,0.0029088,0.0014544,0.312024652
02/10/2023,10,1,15,6591,1188,294.385,0.0029187,0.00145935,0.255011848
02/10/2023,10,1,16,6592,1198,818.565,0.0069165,0.00345825,0.177639879
02/10/2023,10,1,17,6593,1223,0,0.0063261,0.00316305,0.32201071
02/10/2023,10,1,18,6594,912,0,0.0065097,0.00325485,0.242482867
02/10/2023,10,1,19,6595,1031,0,0.0062244,0.0031122,0.191453837
02/10/2023,10,1,20,6596,1117.0275,0,0.0062145,0.00310725,0.141369132
02/10/2023,10,1,21,6597,1113.0275,0,0.0040275,0.00201375,0.185192024
02/10/2023,10,1,22,6598,1023,0,0.002502,0.001251,0.278185867
03/10/2023,10,1,23,6599,1077,0,0.0015156,0.0007578,0.282653776
03/10/2023,10,2,0,6600,1085,0,-0.0005589,-0.00027945,0.18153583
03/10/2023,10,2,1,6601,1054,0,-0.0009756,-0.0004878,0.242507509
03/10/2023,10,2,2,6602,899,0,-0.001017,-0.0005085,0.282795658
03/10/2023,10,2,3,6603,822,0,-0.0010269,-0.00051345,0.213801062
03/10/2023,10,2,4,6604,852,0,-0.001017,-0.0005085,0.246488893
03/10/2023,10,2,5,6605,914,0,-0.0007218,-0.0003609,0.35791392
03/10/2023,10,2,6,6606,879,0,0.0017694,0.0008847,0.265017707
03/10/2023,10,2,7,6607,884,443.81,0.0039654,0.0019827,0.360036004
03/10/2023,10,2,8,6608,1012,4219.84,0.0108585,0.00542925,0.340099984
03/10/2023,10,2,9,6609,1081,15338.7,0.0034569,0.00172845,0.360036004
03/10/2023,10,2,10,6610,1351,35432.1,0.0015759,0.00078795,0.294867014
03/10/2023,10,2,11,6611,1332,65822.1,0.0020637,0.00103185,0.141734812
03/10/2023,10,2,12,6612,1326,66560.7,0.0020439,0.00102195,0.351120015
03/10/2023,10,2,13,6613,1286,62270.6,0.0010881,0.00054405,0.12826944
03/10/2023,10,2,14,6614,1337,53257.5,0.0000711,0.00003555,0.236390854
03/10/2023,10,2,15,6615,1356,38083.6,-0.0000918,-0.0000459,0.199515542
03/10/2023,10,2,16,6616,1367,17939.8,0,0,0.18856208
03/10/2023,10,2,17,6617,1353,321.943,0.0039042,0.0019521,0.146813844
03/10/2023,10,2,18,6618,1327,0,0.0038232,0.0019116,0.238054664
03/10/2023,10,2,19,6619,1248,0,0.0037818,0.0018909,0.143071658
03/10/2023,10,2,20,6620,1035,0,0.0035181,0.00175905,0.334780539
03/10/2023,10,2,21,6621,841,0,0.0024804,0.0012402,0.130759531
03/10/2023,10,2,22,6622,904,0,0.0015354,0.0007677,0.100035629
04/10/2023,10,2,23,6623,892,0,0.0007425,0.00037125,0.16509611
04/10/2023,10,3,0,6624,834,0,0.0001026,0.0000513,0.302303403
04/10/2023,10,3,1,6625,875,0,0.0000099,0.00000495,0.179057434
04/10/2023,10,3,2,6626,878,0,-0.0002466,-0.0001233,0.312474782
04/10/2023,10,3,3,6627,860,0,-0.0003906,-0.0001953,0.130562923
04/10/2023,10,3,4,6628,854,0,-0.0002358,-0.0001179,0.100148629
04/10/2023,10,3,5,6629,821,0,-0.0000819,-0.00004095,0.129972458
04/10/2023,10,3,6,6630,848,0,0.0016119,0.00080595,0.181719764
04/10/2023,10,3,7,6631,854,0,0.004878,0.002439,0.360036004
04/10/2023,10,3,8,6632,882,0,0.0050931,0.00254655,0.167194278
04/10/2023,10,3,9,6633,810,2001.63,0.0042201,0.00211005,0.226253444
04/10/2023,10,3,10,6634,932,2182.28,0.0028341,0.00141705,0.191241979
04/10/2023,10,3,11,6635,885,1410.1,0.0019719,0.00098595,0.259873202
04/10/2023,10,3,12,6636,904,5935.57,0.0015201,0.00076005,0.250403074
04/10/2023,10,3,13,6637,896,9578.88,0.0012735,0.00063675,0.345715588
04/10/2023,10,3,14,6638,906,10990.7,0.0013653,0.00068265,0.360036004
04/10/2023,10,3,15,6639,895,1209.93,0.001458,0.000729,0.10767034
04/10/2023,10,3,16,6640,848,523.484,0.0017046,0.0008523,0.17846372
04/10/2023,10,3,17,6641,848,0,0.0014787,0.00073935,0.315214324
04/10/2023,10,3,18,6642,859,0,0.0018171,0.00090855,0.342029081
04/10/2023,10,3,19,6643,850,0,0.0019512,0.0009756,0.220407028
04/10/2023,10,3,20,6644,836,0,0.0016326,0.0008163,0.148720628
04/10/2023,10,3,21,6645,919,0,0.0001332,0.0000666,0.204575579
04/10/2023,10,3,22,6646,875,0,0,0,0.327237545
05/10/2023,10,3,23,6647,813,0,-0.0003285,-0.00016425,0.102563192
05/10/2023,10,4,0,6648,841,0,0,0,0.360036004
05/10/2023,10,4,1,6649,862,0,-0.0000315,-0.00001575,0.104094715
05/10/2023,10,4,2,6650,1167,0,-0.0000621,-0.00003105,0.360036004
05/10/2023,10,4,3,6651,1073,0,-0.0000522,-0.0000261,0.134914066
05/10/2023,10,4,4,6652,1079,0,-0.0000108,-0.0000054,0.174008139
05/10/2023,10,4,5,6653,1134,0,0.0001143,0.00005715,0.140214402
05/10/2023,10,4,6,6654,1240.0125,0,0.0016686,0.0008343,0.185302052
05/10/2023,10,4,7,6655,1245.0125,1829.19,0.0051498,0.0025749,0.297663767
05/10/2023,10,4,8,6656,1183.0125,3770.85,0.0072324,0.0036162,0.329033066
05/10/2023,10,4,9,6657,1546.0125,14928.7,0.0080919,0.00404595,0.304984672
05/10/2023,10,4,10,6658,1424,37044.9,0.0075843,0.00379215,0.279059311
05/10/2023,10,4,11,6659,1187,31971.1,0.0071388,0.0035694,0.303690119
05/10/2023,10,4,12,6660,1148,18335.5,0.0052218,0.0026109,0.116904267
05/10/2023,10,4,13,6661,1139,39239.4,0.0036684,0.0018342,0.142192559
05/10/2023,10,4,14,6662,1512,50705.6,0.0036576,0.0018288,0.190278525
05/10/2023,10,4,15,6663,1480,35299.4,0.0027558,0.0013779,0.247381983
05/10/2023,10,4,16,6664,1487,3741.87,0.0029736,0.0014868,0.248945442
05/10/2023,10,4,17,6665,1512,137.004,0.003492,0.001746,0.32753542
05/10/2023,10,4,18,6666,1446,0,0.0045387,0.00226935,0.132271779
05/10/2023,10,4,19,6667,1523,0,0.0053775,0.00268875,0.23713912
05/10/2023,10,4,20,6668,1811,0,0.0051912,0.0025956,0.158049109
05/10/2023,10,4,21,6669,1850.7875,0,0.0041652,0.0020826,0.235390844
05/10/2023,10,4,22,6670,1880.7875,0,0.0030879,0.00154395,0.230311942
06/10/2023,10,4,23,6671,1809.7875,0,0.0018027,0.00090135,0.260681322
06/10/2023,10,5,0,6672,1898.7875,0,0.0029421,0.00147105,0.227093307
06/10/2023,10,5,1,6673,1892.7875,0,0.0025245,0.00126225,0.302751477
06/10/2023,10,5,2,6674,1870.7875,0,0.0020034,0.0010017,0.279550257
06/10/2023,10,5,3,6675,1820.7875,0,0.0018576,0.0009288,0.226715791
06/10/2023,10,5,4,6676,2144.7875,0,0.0018054,0.0009027,0.360036004
06/10/2023,10,5,5,6677,2146.7875,0,0.0017739,0.00088695,0.31535408
06/10/2023,10,5,6,6678,1900.7875,0,0.0034011,0.00170055,0.292065922
06/10/2023,10,5,7,6679,1816,0,0.0052164,0.0026082,0.225870757
06/10/2023,10,5,8,6680,1785,0,0.0070533,0.00352665,0.237102134
06/10/2023,10,5,9,6681,1279.61,12756.7,0.0078354,0.0039177,0.09837459
06/10/2023,10,5,10,6682,1264.61,23293.3,0.0069066,0.0034533,0.226510616
06/10/2023,10,5,11,6683,1302.61,28875,0.0052164,0.0026082,0.121849885
06/10/2023,10,5,12,6684,1267.61,16912.2,0.0050184,0.0025092,0.233781797
06/10/2023,10,5,13,6685,1181,21290.8,0.0011682,0.0005841,0.360036004
06/10/2023,10,5,14,6686,841,27419,0.0014814,0.0007407,0.194314317
06/10/2023,10,5,15,6687,921,14906.8,0.0018468,0.0009234,0.293644973
06/10/2023,10,5,16,6688,855,1309.45,0.0027855,0.00139275,0.256594237
06/10/2023,10,5,17,6689,880,0,0.0029529,0.00147645,0.225205506
06/10/2023,10,5,18,6690,853,0,0.0029529,0.00147645,0.095850882
06/10/2023,10,5,19,6691,837,0,0.0020655,0.00103275,0.349177646
06/10/2023,10,5,20,6692,879,0,0.0011898,0.0005949,0.318292749
06/10/2023,10,5,21,6693,907,0,0.0000522,0.0000261,0.09658541
06/10/2023,10,5,22,6694,841,0,-0.0000936,-0.0000468,0.123438684
07/10/2023,10,5,23,6695,876,0,-0.0012519,-0.00062595,0.227552889
07/10/2023,10,6,0,6696,880,0,-0.002304,-0.001152,0.116585396
07/10/2023,10,6,1,6697,899,0,-0.0028152,-0.0014076,0.261844859
07/10/2023,10,6,2,6698,851,0,-0.0026586,-0.0013293,0.302449038
07/10/2023,10,6,3,6699,938,0,-0.0022104,-0.0011052,0.360036004
07/10/2023,10,6,4,6700,874,0,-0.0021168,-0.0010584,0.246571708
07/10/2023,10,6,5,6701,827,0,-0.0012618,-0.0006309,0.322297721
07/10/2023,10,6,6,6702,839,0,-0.0006363,-0.00031815,0.118905823
07/10/2023,10,6,7,6703,926,409.009,0.0000207,0.00001035,0.166365091
07/10/2023,10,6,8,6704,849,2183.57,0.0006147,0.00030735,0.326513409
07/10/2023,10,6,9,6705,859,12150.1,0.0024606,0.0012303,0.120377978
07/10/2023,10,6,10,6706,864,56644.2,0.0027729,0.00138645,0.175138429
07/10/2023,10,6,11,6707,851,43368,0.0026586,0.0013293,0.141870716
07/10/2023,10,6,12,6708,844,40990.8,0.0021375,0.00106875,0.237066906
07/10/2023,10,6,13,6709,879,37901.5,0.0002295,0.00011475,0.267834168
07/10/2023,10,6,14,6710,857,25202.9,0.0010422,0.0005211,0.264843613
07/10/2023,10,6,15,6711,833,14958.9,0.0018873,0.00094365,0.126427058
07/10/2023,10,6,16,6712,874,507.749,0.002043,0.0010215,0.280214188
07/10/2023,10,6,17,6713,823,0,0.0024084,0.0012042,0.221124575
07/10/2023,10,6,18,6714,910,0,0.0027945,0.00139725,0.15507326
07/10/2023,10,6,19,6715,935,0,0.0029502,0.0014751,0.360036004
07/10/2023,10,6,20,6716,860,0,0.0028674,0.0014337,0.27468275
07/10/2023,10,6,21,6717,856,0,0.0023355,0.00116775,0.309255362
07/10/2023,10,6,22,6718,827,0,0.0021681,0.00108405,0.31309105
08/10/2023,10,6,23,6719,888,0,0.0018972,0.0009486,0.183552494
08/10/2023,10,0,0,6720,826,0,0.0026154,0.0013077,0.166860707
08/10/2023,10,0,1,6721,866,0,0.0026568,0.0013284,0.11747224
08/10/2023,10,0,2,6722,871,0,0.002574,0.001287,0.331051613
08/10/2023,10,0,3,6723,902,0,0.0025326,0.0012663,0.360036004
08/10/2023,10,0,4,6724,894,0,0.0025947,0.00129735,0.313327169
08/10/2023,10,0,5,6725,861,0,0.0019413,0.00097065,0.360036004
08/10/2023,10,0,6,6726,898,0,0.002097,0.0010485,0.139732071
08/10/2023,10,0,7,6727,1112,0,0.0020763,0.00103815,0.360036004
08/10/2023,10,0,8,6728,1304.215,0,0.0021897,0.00109485,0.23055758
08/10/2023,10,0,9,6729,1292.215,1283.06,0.0026055,0.00130275,0.24478331
08/10/2023,10,0,10,6730,1299.215,4004.05,0.0027405,0.00137025,0.154199884
08/10/2023,10,0,11,6731,1286.215,59603.4,0.0026775,0.00133875,0.206269809
08/10/2023,10,0,12,6732,1072,14158.8,0.0026154,0.0013077,0.321847166
08/10/2023,10,0,13,6733,1091,28075.7,0.0026262,0.0013131,0.114818908
08/10/2023,10,0,14,6734,1070,27291.1,0.0027198,0.0013599,0.330822212
08/10/2023,10,0,15,6735,1053,4727.61,0.002709,0.0013545,0.112404681
08/10/2023,10,0,16,6736,834,825.349,0.003456,0.001728,0.234552012
08/10/2023,10,0,17,6737,932,0,0.005148,0.002574,0.145632269
08/10/2023,10,0,18,6738,901,0,0.0080028,0.0040014,0.305032748
08/10/2023,10,0,19,6739,880,0,0.0117909,0.00589545,0.341536023
08/10/2023,10,0,20,6740,875,0,0.0094977,0.00474885,0.359380864
08/10/2023,10,0,21,6741,880,0,0.0075042,0.0037521,0.2328359
08/10/2023,10,0,22,6742,866,0,0.0062793,0.00313965,0.194509626
09/10/2023,10,0,23,6743,853,0,0.0051795,0.00258975,0.306980366
09/10/2023,10,1,0,6744,881,0,0.0072036,0.0036018,0.236146072
09/10/2023,10,1,1,6745,934,0,0.0057195,0.00285975,0.360036004
09/10/2023,10,1,2,6746,1096,0,0.0056673,0.00283365,0.23250849
09/10/2023,10,1,3,6747,1004,0,0.0057294,0.0028647,0.134727754
09/10/2023,10,1,4,6748,1084,0,0.0058752,0.0029376,0.117507313
09/10/2023,10,1,5,6749,1014,0,0.007857,0.0039285,0.333495495
09/10/2023,10,1,6,6750,1065,0,0.0553023,0.02765115,0.360036004
09/10/2023,10,1,7,6751,1090.8525,0,0.0662013,0.03310065,0.182236406
09/10/2023,10,1,8,6752,1140.8525,0,0.0934785,0.04673925,0.1776273
09/10/2023,10,1,9,6753,1113.8525,0,0.1038375,0.05191875,0.150186505
09/10/2023,10,1,10,6754,1146.8525,3309.52,0.0662634,0.0331317,0.325315161
09/10/2023,10,1,11,6755,1148.8525,3013.7,0.06507,0.032535,0.129564715
09/10/2023,10,1,12,6756,1089.8525,526.623,0.0650178,0.0325089,0.257170236
09/10/2023,10,1,13,6757,1133.8525,10745.9,0.0644679,0.03223395,0.325286777
09/10/2023,10,1,14,6758,1119.8525,2540.63,0.0622053,0.03110265,0.301926627
09/10/2023,10,1,15,6759,1026,787.133,0.0584991,0.02924955,0.258580189
09/10/2023,10,1,16,6760,843,703.94,0.0584991,0.02924955,0.322678614
09/10/2023,10,1,17,6761,837,0,0.059859,0.0299295,0.310227181
09/10/2023,10,1,18,6762,856,0,0.0622674,0.0311337,0.183726956
09/10/2023,10,1,19,6763,870,0,0.0622359,0.03111795,0.250370675
09/10/2023,10,1,20,6764,865,0,0.0621846,0.0310923,0.312422136
09/10/2023,10,1,21,6765,1070,0,0.0561852,0.0280926,0.13667384
09/10/2023,10,1,22,6766,1160,0,0.0540675,0.02703375,0.321821122
10/10/2023,10,1,23,6767,1177,0,0.0140751,0.00703755,0.162459828
10/10/2023,10,2,0,6768,1470,0,0.0291717,0.01458585,0.164241744
10/10/2023,10,2,1,6769,1501,0,0.0263619,0.01318095,0.214917805
10/10/2023,10,2,2,6770,1722,0,0.0255564,0.0127782,0.235448514
10/10/2023,10,2,3,6771,1728,0,0.0253494,0.0126747,0.110489617
10/10/2023,10,2,4,6772,1746,0,0.0257013,0.01285065,0.222456182
10/10/2023,10,2,5,6773,1926.9975,0,0.051795,0.0258975,0.196719379
10/10/2023,10,2,6,6774,1934.9975,0,0.0647073,0.03235365,0.144978128
10/10/2023,10,2,7,6775,1913.9975,457.285,0.0678789,0.03393945,0.194112772
10/10/2023,10,2,8,6776,1843.9975,0,0.0774234,0.0387117,0.220663876
10/10/2023,10,2,9,6777,1908.9975,40752,0.0680958,0.0340479,0.145333926
10/10/2023,10,2,10,6778,1878.9975,52959.8,0.0674856,0.0337428,0.244969313
10/10/2023,10,2,11,6779,1470,58880.2,0.0665145,0.03325725,0.104879035
10/10/2023,10,2,12,6780,1121,59491.5,0.0589122,0.0294561,0.266441128
10/10/2023,10,2,13,6781,846,55290.7,0.053334,0.026667,0.222615121
10/10/2023,10,2,14,6782,857,45769.2,0.0483552,0.0241776,0.190646562
10/10/2023,10,2,15,6783,821,30328.9,0.0424044,0.0212022,0.202794479
10/10/2023,10,2,16,6784,914,11441.7,0.0491706,0.0245853,0.343484642
10/10/2023,10,2,17,6785,852,0,0.0441405,0.02207025,0.126394452
10/10/2023,10,2,18,6786,888,0,0.0272502,0.0136251,0.213755776
10/10/2023,10,2,19,6787,917,0,0.0201744,0.0100872,0.329917759
10/10/2023,10,2,20,6788,893,0,0.0154845,0.00774225,0.225852549
10/10/2023,10,2,21,6789,863,0,0.0055161,0.00275805,0.354493136
10/10/2023,10,2,22,6790,882,0,0.0029754,0.0014877,0.231658695
11/10/2023,10,2,23,6791,821,0,0.0007641,0.00038205,0.324932582
11/10/2023,10,3,0,6792,930,0,0.002997,0.0014985,0.151878113
11/10/2023,10,3,1,6793,896,0,0.003069,0.0015345,0.173578579
11/10/2023,10,3,2,6794,905,0,0.0026046,0.0013023,0.100524771
11/10/2023,10,3,3,6795,874,0,0.0005895,0.00029475,0.357144366
11/10/2023,10,3,4,6796,869,0,0,0,0.188354729
11/10/2023,10,3,5,6797,838,0,0.0003303,0.00016515,0.360036004
11/10/2023,10,3,6,6798,910,0,0.0060147,0.00300735,0.303935799
11/10/2023,10,3,7,6799,874,47.2008,0.0103041,0.00515205,0.310467611
11/10/2023,10,3,8,6800,858,0,0.016164,0.008082,0.302296139
